,Becher,Thomas,123456789,email@test.com,null,1
,Lebreuil,Thibault,123456789,email1@test.com,null,2
,Munch,Valentin,123456789,email2@test.com,null,3
,Valenne,Nathan,123456789,email3@test.com,null,4
,Lagaffe,Gaston,123456789,email4@test.com,null,5
,Maffiolini,Paul,123456789,email5@test.com,null,1
,Monnier,David,123456789,email6@test.com,null,2
,Toillion,Samuel,123456789,email7@test.com,null,1
,Reberti,Jean Pierre,123456789,email8@test.com,null,4
,Moulin,Jean,123456789,email9@test.com,null,1
,Moulinier,Henry,123456789,email10@test.com,null,1