1,19.99,Tshirt Brun ,1
2,19.99,T-Shirt Gris ,1
3,24.99,Pantalon Wide Beige,2
4,39.99,Sweat bleu oversized,4
5,20.99,Gilet noir,6
6,50,Jean HIGH WAISTED MOM,3
7,25.99,Pull rouge,5
8,150,Manteau Off-white (couleur),7
9,89.99,Veste/Doudoune sans manche beige,14
10,19.99,Echarpe rose,8
11,25.99,Sous-vêtements gris,13
12,17.99,Bonnet noir,10
13,19.99,gants rose,11
14,10.99,Masques en tissu noir x5,12
15,20.99,Pantalon Cargo Noir,2
16,59.99,Sweat Vert,4
17,40.99,Pull col roulé blanc,5
18,30.99,Jean bleu clair,3
19,25,Gilet Polaire rouge,6
20,179.99,Manteau vert olive,7
21,189.99,Veste polaire camel/bleue,14
22,30.99,Echarpe noire,8
23,15.99,Boxer noir pack de 3,9
24,15.99,Gants noirs,11